Series Name,Series Code,Country Name,2019 [YR2019]
"Birth rate, crude (per 1,000 people)",SP.DYN.CBRT.IN,Afghanistan,31.802
"Birth rate, crude (per 1,000 people)",SP.DYN.CBRT.IN,Albania,11.62
"Birth rate, crude (per 1,000 people)",SP.DYN.CBRT.IN,Algeria,23.583
"Birth rate, crude (per 1,000 people)",SP.DYN.CBRT.IN,American Samoa,..
"Birth rate, crude (per 1,000 people)",SP.DYN.CBRT.IN,Andorra,7
"Birth rate, crude (per 1,000 people)",SP.DYN.CBRT.IN,Angola,40.232
"Birth rate, crude (per 1,000 people)",SP.DYN.CBRT.IN,Antigua and Barbuda,15.107
"Birth rate, crude (per 1,000 people)",SP.DYN.CBRT.IN,Argentina,16.833
"Birth rate, crude (per 1,000 people)",SP.DYN.CBRT.IN,Armenia,13.646
"Birth rate, crude (per 1,000 people)",SP.DYN.CBRT.IN,Aruba,11.756
"Birth rate, crude (per 1,000 people)",SP.DYN.CBRT.IN,Australia,12.1
"Birth rate, crude (per 1,000 people)",SP.DYN.CBRT.IN,Austria,9.6
"Birth rate, crude (per 1,000 people)",SP.DYN.CBRT.IN,Azerbaijan,14.1
"Birth rate, crude (per 1,000 people)",SP.DYN.CBRT.IN,"Bahamas, The",13.882
"Birth rate, crude (per 1,000 people)",SP.DYN.CBRT.IN,Bahrain,13.622
"Birth rate, crude (per 1,000 people)",SP.DYN.CBRT.IN,Bangladesh,17.868
"Birth rate, crude (per 1,000 people)",SP.DYN.CBRT.IN,Barbados,10.621
"Birth rate, crude (per 1,000 people)",SP.DYN.CBRT.IN,Belarus,9.3
"Birth rate, crude (per 1,000 people)",SP.DYN.CBRT.IN,Belgium,10.1
"Birth rate, crude (per 1,000 people)",SP.DYN.CBRT.IN,Belize,20.51
"Birth rate, crude (per 1,000 people)",SP.DYN.CBRT.IN,Benin,35.831
"Birth rate, crude (per 1,000 people)",SP.DYN.CBRT.IN,Bermuda,8.3
"Birth rate, crude (per 1,000 people)",SP.DYN.CBRT.IN,Bhutan,17.012
"Birth rate, crude (per 1,000 people)",SP.DYN.CBRT.IN,Bolivia,21.455
"Birth rate, crude (per 1,000 people)",SP.DYN.CBRT.IN,Bosnia and Herzegovina,7.938
"Birth rate, crude (per 1,000 people)",SP.DYN.CBRT.IN,Botswana,24.234
"Birth rate, crude (per 1,000 people)",SP.DYN.CBRT.IN,Brazil,13.703
"Birth rate, crude (per 1,000 people)",SP.DYN.CBRT.IN,British Virgin Islands,..
"Birth rate, crude (per 1,000 people)",SP.DYN.CBRT.IN,Brunei Darussalam,14.459
"Birth rate, crude (per 1,000 people)",SP.DYN.CBRT.IN,Bulgaria,8.8
"Birth rate, crude (per 1,000 people)",SP.DYN.CBRT.IN,Burkina Faso,37.453
"Birth rate, crude (per 1,000 people)",SP.DYN.CBRT.IN,Burundi,38.377
"Birth rate, crude (per 1,000 people)",SP.DYN.CBRT.IN,Cabo Verde,19.061
"Birth rate, crude (per 1,000 people)",SP.DYN.CBRT.IN,Cambodia,22.02
"Birth rate, crude (per 1,000 people)",SP.DYN.CBRT.IN,Cameroon,34.891
"Birth rate, crude (per 1,000 people)",SP.DYN.CBRT.IN,Canada,9.9
"Birth rate, crude (per 1,000 people)",SP.DYN.CBRT.IN,Cayman Islands,9.8
"Birth rate, crude (per 1,000 people)",SP.DYN.CBRT.IN,Central African Republic,35.09
"Birth rate, crude (per 1,000 people)",SP.DYN.CBRT.IN,Chad,41.665
"Birth rate, crude (per 1,000 people)",SP.DYN.CBRT.IN,Channel Islands,9.811
"Birth rate, crude (per 1,000 people)",SP.DYN.CBRT.IN,Chile,12.187
"Birth rate, crude (per 1,000 people)",SP.DYN.CBRT.IN,China,10.5
"Birth rate, crude (per 1,000 people)",SP.DYN.CBRT.IN,Colombia,14.655
"Birth rate, crude (per 1,000 people)",SP.DYN.CBRT.IN,Comoros,31.407
"Birth rate, crude (per 1,000 people)",SP.DYN.CBRT.IN,"Congo, Dem. Rep.",40.639
"Birth rate, crude (per 1,000 people)",SP.DYN.CBRT.IN,"Congo, Rep.",32.397
"Birth rate, crude (per 1,000 people)",SP.DYN.CBRT.IN,Costa Rica,13.689
"Birth rate, crude (per 1,000 people)",SP.DYN.CBRT.IN,Cote d'Ivoire,35.464
"Birth rate, crude (per 1,000 people)",SP.DYN.CBRT.IN,Croatia,8.9
"Birth rate, crude (per 1,000 people)",SP.DYN.CBRT.IN,Cuba,9.962
"Birth rate, crude (per 1,000 people)",SP.DYN.CBRT.IN,Curacao,10.1
"Birth rate, crude (per 1,000 people)",SP.DYN.CBRT.IN,Cyprus,10.24
"Birth rate, crude (per 1,000 people)",SP.DYN.CBRT.IN,Czech Republic,10.5
"Birth rate, crude (per 1,000 people)",SP.DYN.CBRT.IN,Denmark,10.5
"Birth rate, crude (per 1,000 people)",SP.DYN.CBRT.IN,Djibouti,20.998
"Birth rate, crude (per 1,000 people)",SP.DYN.CBRT.IN,Dominica,..
"Birth rate, crude (per 1,000 people)",SP.DYN.CBRT.IN,Dominican Republic,19.193
"Birth rate, crude (per 1,000 people)",SP.DYN.CBRT.IN,Ecuador,19.46
"Birth rate, crude (per 1,000 people)",SP.DYN.CBRT.IN,"Egypt, Arab Rep.",25.708
"Birth rate, crude (per 1,000 people)",SP.DYN.CBRT.IN,El Salvador,18.054
"Birth rate, crude (per 1,000 people)",SP.DYN.CBRT.IN,Equatorial Guinea,32.783
"Birth rate, crude (per 1,000 people)",SP.DYN.CBRT.IN,Eritrea,29.738
"Birth rate, crude (per 1,000 people)",SP.DYN.CBRT.IN,Estonia,10.6
"Birth rate, crude (per 1,000 people)",SP.DYN.CBRT.IN,Eswatini,25.881
"Birth rate, crude (per 1,000 people)",SP.DYN.CBRT.IN,Ethiopia,31.896
"Birth rate, crude (per 1,000 people)",SP.DYN.CBRT.IN,Faroe Islands,13.2
"Birth rate, crude (per 1,000 people)",SP.DYN.CBRT.IN,Fiji,20.954
"Birth rate, crude (per 1,000 people)",SP.DYN.CBRT.IN,Finland,8.3
"Birth rate, crude (per 1,000 people)",SP.DYN.CBRT.IN,France,11.2
"Birth rate, crude (per 1,000 people)",SP.DYN.CBRT.IN,French Polynesia,14.427
"Birth rate, crude (per 1,000 people)",SP.DYN.CBRT.IN,Gabon,30.968
"Birth rate, crude (per 1,000 people)",SP.DYN.CBRT.IN,"Gambia, The",38.073
"Birth rate, crude (per 1,000 people)",SP.DYN.CBRT.IN,Georgia,13.2
"Birth rate, crude (per 1,000 people)",SP.DYN.CBRT.IN,Germany,9.4
"Birth rate, crude (per 1,000 people)",SP.DYN.CBRT.IN,Ghana,28.992
"Birth rate, crude (per 1,000 people)",SP.DYN.CBRT.IN,Gibraltar,..
"Birth rate, crude (per 1,000 people)",SP.DYN.CBRT.IN,Greece,7.8
"Birth rate, crude (per 1,000 people)",SP.DYN.CBRT.IN,Greenland,15.1
"Birth rate, crude (per 1,000 people)",SP.DYN.CBRT.IN,Grenada,16.198
"Birth rate, crude (per 1,000 people)",SP.DYN.CBRT.IN,Guam,16.46
"Birth rate, crude (per 1,000 people)",SP.DYN.CBRT.IN,Guatemala,24.21
"Birth rate, crude (per 1,000 people)",SP.DYN.CBRT.IN,Guinea,35.965
"Birth rate, crude (per 1,000 people)",SP.DYN.CBRT.IN,Guinea-Bissau,34.559
"Birth rate, crude (per 1,000 people)",SP.DYN.CBRT.IN,Guyana,19.723
"Birth rate, crude (per 1,000 people)",SP.DYN.CBRT.IN,Haiti,23.959
"Birth rate, crude (per 1,000 people)",SP.DYN.CBRT.IN,Honduras,21.337
"Birth rate, crude (per 1,000 people)",SP.DYN.CBRT.IN,"Hong Kong SAR, China",7
"Birth rate, crude (per 1,000 people)",SP.DYN.CBRT.IN,Hungary,9.5
"Birth rate, crude (per 1,000 people)",SP.DYN.CBRT.IN,Iceland,12.3
"Birth rate, crude (per 1,000 people)",SP.DYN.CBRT.IN,India,17.644
"Birth rate, crude (per 1,000 people)",SP.DYN.CBRT.IN,Indonesia,17.746
"Birth rate, crude (per 1,000 people)",SP.DYN.CBRT.IN,"Iran, Islamic Rep.",18.42
"Birth rate, crude (per 1,000 people)",SP.DYN.CBRT.IN,Iraq,28.556
"Birth rate, crude (per 1,000 people)",SP.DYN.CBRT.IN,Ireland,12.1
"Birth rate, crude (per 1,000 people)",SP.DYN.CBRT.IN,Isle of Man,..
"Birth rate, crude (per 1,000 people)",SP.DYN.CBRT.IN,Israel,20.1
"Birth rate, crude (per 1,000 people)",SP.DYN.CBRT.IN,Italy,7
"Birth rate, crude (per 1,000 people)",SP.DYN.CBRT.IN,Jamaica,15.907
"Birth rate, crude (per 1,000 people)",SP.DYN.CBRT.IN,Japan,7
"Birth rate, crude (per 1,000 people)",SP.DYN.CBRT.IN,Jordan,21.477
"Birth rate, crude (per 1,000 people)",SP.DYN.CBRT.IN,Kazakhstan,21.73
"Birth rate, crude (per 1,000 people)",SP.DYN.CBRT.IN,Kenya,28.298
"Birth rate, crude (per 1,000 people)",SP.DYN.CBRT.IN,Kiribati,27.453
"Birth rate, crude (per 1,000 people)",SP.DYN.CBRT.IN,"Korea, Dem. People's Rep.",13.848
"Birth rate, crude (per 1,000 people)",SP.DYN.CBRT.IN,"Korea, Rep.",5.9
"Birth rate, crude (per 1,000 people)",SP.DYN.CBRT.IN,Kosovo,15.6
"Birth rate, crude (per 1,000 people)",SP.DYN.CBRT.IN,Kuwait,13.251
"Birth rate, crude (per 1,000 people)",SP.DYN.CBRT.IN,Kyrgyz Republic,26.9
"Birth rate, crude (per 1,000 people)",SP.DYN.CBRT.IN,Lao PDR,23.117
"Birth rate, crude (per 1,000 people)",SP.DYN.CBRT.IN,Latvia,9.8
"Birth rate, crude (per 1,000 people)",SP.DYN.CBRT.IN,Lebanon,17.377
"Birth rate, crude (per 1,000 people)",SP.DYN.CBRT.IN,Lesotho,26.415
"Birth rate, crude (per 1,000 people)",SP.DYN.CBRT.IN,Liberia,32.687
"Birth rate, crude (per 1,000 people)",SP.DYN.CBRT.IN,Libya,18.3
"Birth rate, crude (per 1,000 people)",SP.DYN.CBRT.IN,Liechtenstein,9.2
"Birth rate, crude (per 1,000 people)",SP.DYN.CBRT.IN,Lithuania,9.8
"Birth rate, crude (per 1,000 people)",SP.DYN.CBRT.IN,Luxembourg,10
"Birth rate, crude (per 1,000 people)",SP.DYN.CBRT.IN,"Macao SAR, China",10.894
"Birth rate, crude (per 1,000 people)",SP.DYN.CBRT.IN,Madagascar,32.408
"Birth rate, crude (per 1,000 people)",SP.DYN.CBRT.IN,Malawi,33.73
"Birth rate, crude (per 1,000 people)",SP.DYN.CBRT.IN,Malaysia,16.608
"Birth rate, crude (per 1,000 people)",SP.DYN.CBRT.IN,Maldives,13.584
"Birth rate, crude (per 1,000 people)",SP.DYN.CBRT.IN,Mali,41.035
"Birth rate, crude (per 1,000 people)",SP.DYN.CBRT.IN,Malta,8.6
"Birth rate, crude (per 1,000 people)",SP.DYN.CBRT.IN,Marshall Islands,..
"Birth rate, crude (per 1,000 people)",SP.DYN.CBRT.IN,Mauritania,33.262
"Birth rate, crude (per 1,000 people)",SP.DYN.CBRT.IN,Mauritius,10.2
"Birth rate, crude (per 1,000 people)",SP.DYN.CBRT.IN,Mexico,17.297
"Birth rate, crude (per 1,000 people)",SP.DYN.CBRT.IN,"Micronesia, Fed. Sts.",22.712
"Birth rate, crude (per 1,000 people)",SP.DYN.CBRT.IN,Moldova,9.93
"Birth rate, crude (per 1,000 people)",SP.DYN.CBRT.IN,Monaco,..
"Birth rate, crude (per 1,000 people)",SP.DYN.CBRT.IN,Mongolia,23.361
"Birth rate, crude (per 1,000 people)",SP.DYN.CBRT.IN,Montenegro,11.671
"Birth rate, crude (per 1,000 people)",SP.DYN.CBRT.IN,Morocco,18.5
"Birth rate, crude (per 1,000 people)",SP.DYN.CBRT.IN,Mozambique,37.166
"Birth rate, crude (per 1,000 people)",SP.DYN.CBRT.IN,Myanmar,17.397
"Birth rate, crude (per 1,000 people)",SP.DYN.CBRT.IN,Namibia,28.152
"Birth rate, crude (per 1,000 people)",SP.DYN.CBRT.IN,Nauru,..
"Birth rate, crude (per 1,000 people)",SP.DYN.CBRT.IN,Nepal,19.578
"Birth rate, crude (per 1,000 people)",SP.DYN.CBRT.IN,Netherlands,9.7
"Birth rate, crude (per 1,000 people)",SP.DYN.CBRT.IN,New Caledonia,14
"Birth rate, crude (per 1,000 people)",SP.DYN.CBRT.IN,New Zealand,11.96
"Birth rate, crude (per 1,000 people)",SP.DYN.CBRT.IN,Nicaragua,20.215
"Birth rate, crude (per 1,000 people)",SP.DYN.CBRT.IN,Niger,45.637
"Birth rate, crude (per 1,000 people)",SP.DYN.CBRT.IN,Nigeria,37.446
"Birth rate, crude (per 1,000 people)",SP.DYN.CBRT.IN,North Macedonia,10.653
"Birth rate, crude (per 1,000 people)",SP.DYN.CBRT.IN,Northern Mariana Islands,..
"Birth rate, crude (per 1,000 people)",SP.DYN.CBRT.IN,Norway,10.2
"Birth rate, crude (per 1,000 people)",SP.DYN.CBRT.IN,Oman,18.513
"Birth rate, crude (per 1,000 people)",SP.DYN.CBRT.IN,Pakistan,27.841
"Birth rate, crude (per 1,000 people)",SP.DYN.CBRT.IN,Palau,11.2
"Birth rate, crude (per 1,000 people)",SP.DYN.CBRT.IN,Panama,18.705
"Birth rate, crude (per 1,000 people)",SP.DYN.CBRT.IN,Papua New Guinea,26.793
"Birth rate, crude (per 1,000 people)",SP.DYN.CBRT.IN,Paraguay,20.341
"Birth rate, crude (per 1,000 people)",SP.DYN.CBRT.IN,Peru,17.756
"Birth rate, crude (per 1,000 people)",SP.DYN.CBRT.IN,Philippines,20.166
"Birth rate, crude (per 1,000 people)",SP.DYN.CBRT.IN,Poland,9.9
"Birth rate, crude (per 1,000 people)",SP.DYN.CBRT.IN,Portugal,8.4
"Birth rate, crude (per 1,000 people)",SP.DYN.CBRT.IN,Puerto Rico,6.4
"Birth rate, crude (per 1,000 people)",SP.DYN.CBRT.IN,Qatar,9.385
"Birth rate, crude (per 1,000 people)",SP.DYN.CBRT.IN,Romania,9.6
"Birth rate, crude (per 1,000 people)",SP.DYN.CBRT.IN,Russian Federation,9.8
"Birth rate, crude (per 1,000 people)",SP.DYN.CBRT.IN,Rwanda,31.249
"Birth rate, crude (per 1,000 people)",SP.DYN.CBRT.IN,Samoa,24.1
"Birth rate, crude (per 1,000 people)",SP.DYN.CBRT.IN,San Marino,6.7
"Birth rate, crude (per 1,000 people)",SP.DYN.CBRT.IN,Sao Tome and Principe,31.152
"Birth rate, crude (per 1,000 people)",SP.DYN.CBRT.IN,Saudi Arabia,17.297
"Birth rate, crude (per 1,000 people)",SP.DYN.CBRT.IN,Senegal,33.952
"Birth rate, crude (per 1,000 people)",SP.DYN.CBRT.IN,Serbia,9.3
"Birth rate, crude (per 1,000 people)",SP.DYN.CBRT.IN,Seychelles,16.4
"Birth rate, crude (per 1,000 people)",SP.DYN.CBRT.IN,Sierra Leone,32.879
"Birth rate, crude (per 1,000 people)",SP.DYN.CBRT.IN,Singapore,8.8
"Birth rate, crude (per 1,000 people)",SP.DYN.CBRT.IN,Sint Maarten (Dutch part),..
"Birth rate, crude (per 1,000 people)",SP.DYN.CBRT.IN,Slovak Republic,10.5
"Birth rate, crude (per 1,000 people)",SP.DYN.CBRT.IN,Slovenia,9.3
"Birth rate, crude (per 1,000 people)",SP.DYN.CBRT.IN,Solomon Islands,31.956
"Birth rate, crude (per 1,000 people)",SP.DYN.CBRT.IN,Somalia,41.585
"Birth rate, crude (per 1,000 people)",SP.DYN.CBRT.IN,South Africa,20.129
"Birth rate, crude (per 1,000 people)",SP.DYN.CBRT.IN,South Sudan,34.653
"Birth rate, crude (per 1,000 people)",SP.DYN.CBRT.IN,Spain,7.6
"Birth rate, crude (per 1,000 people)",SP.DYN.CBRT.IN,Sri Lanka,15.544
"Birth rate, crude (per 1,000 people)",SP.DYN.CBRT.IN,St. Kitts and Nevis,..
"Birth rate, crude (per 1,000 people)",SP.DYN.CBRT.IN,St. Lucia,11.839
"Birth rate, crude (per 1,000 people)",SP.DYN.CBRT.IN,St. Martin (French part),14.5
"Birth rate, crude (per 1,000 people)",SP.DYN.CBRT.IN,St. Vincent and the Grenadines,14.087
"Birth rate, crude (per 1,000 people)",SP.DYN.CBRT.IN,Sudan,31.826
"Birth rate, crude (per 1,000 people)",SP.DYN.CBRT.IN,Suriname,18.295
"Birth rate, crude (per 1,000 people)",SP.DYN.CBRT.IN,Sweden,11.1
"Birth rate, crude (per 1,000 people)",SP.DYN.CBRT.IN,Switzerland,10
"Birth rate, crude (per 1,000 people)",SP.DYN.CBRT.IN,Syrian Arab Republic,23.22
"Birth rate, crude (per 1,000 people)",SP.DYN.CBRT.IN,Tajikistan,30.038
"Birth rate, crude (per 1,000 people)",SP.DYN.CBRT.IN,Tanzania,36.336
"Birth rate, crude (per 1,000 people)",SP.DYN.CBRT.IN,Thailand,10.168
"Birth rate, crude (per 1,000 people)",SP.DYN.CBRT.IN,Timor-Leste,29.284
"Birth rate, crude (per 1,000 people)",SP.DYN.CBRT.IN,Togo,32.707
"Birth rate, crude (per 1,000 people)",SP.DYN.CBRT.IN,Tonga,24.01
"Birth rate, crude (per 1,000 people)",SP.DYN.CBRT.IN,Trinidad and Tobago,12.578
"Birth rate, crude (per 1,000 people)",SP.DYN.CBRT.IN,Tunisia,17.089
"Birth rate, crude (per 1,000 people)",SP.DYN.CBRT.IN,Turkey,15.782
"Birth rate, crude (per 1,000 people)",SP.DYN.CBRT.IN,Turkmenistan,23.066
"Birth rate, crude (per 1,000 people)",SP.DYN.CBRT.IN,Turks and Caicos Islands,..
"Birth rate, crude (per 1,000 people)",SP.DYN.CBRT.IN,Tuvalu,..
"Birth rate, crude (per 1,000 people)",SP.DYN.CBRT.IN,Uganda,37.377
"Birth rate, crude (per 1,000 people)",SP.DYN.CBRT.IN,Ukraine,8.1
"Birth rate, crude (per 1,000 people)",SP.DYN.CBRT.IN,United Arab Emirates,10.223
"Birth rate, crude (per 1,000 people)",SP.DYN.CBRT.IN,United Kingdom,10.7
"Birth rate, crude (per 1,000 people)",SP.DYN.CBRT.IN,United States,11.4
"Birth rate, crude (per 1,000 people)",SP.DYN.CBRT.IN,Uruguay,13.74
"Birth rate, crude (per 1,000 people)",SP.DYN.CBRT.IN,Uzbekistan,24.3
"Birth rate, crude (per 1,000 people)",SP.DYN.CBRT.IN,Vanuatu,29.175
"Birth rate, crude (per 1,000 people)",SP.DYN.CBRT.IN,"Venezuela, RB",17.566
"Birth rate, crude (per 1,000 people)",SP.DYN.CBRT.IN,Vietnam,16.454
"Birth rate, crude (per 1,000 people)",SP.DYN.CBRT.IN,Virgin Islands (U.S.),12.3
"Birth rate, crude (per 1,000 people)",SP.DYN.CBRT.IN,West Bank and Gaza,28.717
"Birth rate, crude (per 1,000 people)",SP.DYN.CBRT.IN,"Yemen, Rep.",29.873
"Birth rate, crude (per 1,000 people)",SP.DYN.CBRT.IN,Zambia,35.776
"Birth rate, crude (per 1,000 people)",SP.DYN.CBRT.IN,Zimbabwe,29.747
"Birth rate, crude (per 1,000 people)",SP.DYN.CBRT.IN,Africa Eastern and Southern,33.49126913
"Birth rate, crude (per 1,000 people)",SP.DYN.CBRT.IN,Africa Western and Central,36.70853583
"Birth rate, crude (per 1,000 people)",SP.DYN.CBRT.IN,Arab World,24.65062382
"Birth rate, crude (per 1,000 people)",SP.DYN.CBRT.IN,Caribbean small states,15.66409025
"Birth rate, crude (per 1,000 people)",SP.DYN.CBRT.IN,Central Europe and the Baltics,9.777166907
"Birth rate, crude (per 1,000 people)",SP.DYN.CBRT.IN,Early-demographic dividend,19.92395078
"Birth rate, crude (per 1,000 people)",SP.DYN.CBRT.IN,East Asia & Pacific,12.21076127
"Birth rate, crude (per 1,000 people)",SP.DYN.CBRT.IN,East Asia & Pacific (excluding high income),12.76264089
"Birth rate, crude (per 1,000 people)",SP.DYN.CBRT.IN,East Asia & Pacific (IDA & IBRD countries),12.74915614
"Birth rate, crude (per 1,000 people)",SP.DYN.CBRT.IN,Euro area,9.101794385
"Birth rate, crude (per 1,000 people)",SP.DYN.CBRT.IN,Europe & Central Asia,11.3411236
"Birth rate, crude (per 1,000 people)",SP.DYN.CBRT.IN,Europe & Central Asia (excluding high income),13.54934235
"Birth rate, crude (per 1,000 people)",SP.DYN.CBRT.IN,Europe & Central Asia (IDA & IBRD countries),13.20764826
"Birth rate, crude (per 1,000 people)",SP.DYN.CBRT.IN,European Union,9.290774398
"Birth rate, crude (per 1,000 people)",SP.DYN.CBRT.IN,Fragile and conflict affected situations,32.96829971
"Birth rate, crude (per 1,000 people)",SP.DYN.CBRT.IN,Heavily indebted poor countries (HIPC),34.86789529
"Birth rate, crude (per 1,000 people)",SP.DYN.CBRT.IN,High income,10.03950137
"Birth rate, crude (per 1,000 people)",SP.DYN.CBRT.IN,IBRD only,15.31380529
"Birth rate, crude (per 1,000 people)",SP.DYN.CBRT.IN,IDA & IBRD total,19.31289279
"Birth rate, crude (per 1,000 people)",SP.DYN.CBRT.IN,IDA blend,31.48515039
"Birth rate, crude (per 1,000 people)",SP.DYN.CBRT.IN,IDA only,30.51667528
"Birth rate, crude (per 1,000 people)",SP.DYN.CBRT.IN,IDA total,30.84219609
"Birth rate, crude (per 1,000 people)",SP.DYN.CBRT.IN,Late-demographic dividend,11.65231654
"Birth rate, crude (per 1,000 people)",SP.DYN.CBRT.IN,Latin America & Caribbean,16.11564496
"Birth rate, crude (per 1,000 people)",SP.DYN.CBRT.IN,Latin America & Caribbean (excluding high income),16.25496464
"Birth rate, crude (per 1,000 people)",SP.DYN.CBRT.IN,Latin America & the Caribbean (IDA & IBRD countries),16.28297865
"Birth rate, crude (per 1,000 people)",SP.DYN.CBRT.IN,Least developed countries: UN classification,31.08081352
"Birth rate, crude (per 1,000 people)",SP.DYN.CBRT.IN,Low & middle income,19.37691464
"Birth rate, crude (per 1,000 people)",SP.DYN.CBRT.IN,Low income,34.43548689
"Birth rate, crude (per 1,000 people)",SP.DYN.CBRT.IN,Lower middle income,21.53725093
"Birth rate, crude (per 1,000 people)",SP.DYN.CBRT.IN,Middle East & North Africa,22.06837924
"Birth rate, crude (per 1,000 people)",SP.DYN.CBRT.IN,Middle East & North Africa (excluding high income),23.11706949
"Birth rate, crude (per 1,000 people)",SP.DYN.CBRT.IN,Middle East & North Africa (IDA & IBRD countries),23.04888001
"Birth rate, crude (per 1,000 people)",SP.DYN.CBRT.IN,Middle income,17.69076394
"Birth rate, crude (per 1,000 people)",SP.DYN.CBRT.IN,North America,11.24538203
"Birth rate, crude (per 1,000 people)",SP.DYN.CBRT.IN,Not classified,..
"Birth rate, crude (per 1,000 people)",SP.DYN.CBRT.IN,OECD members,11.0842363
"Birth rate, crude (per 1,000 people)",SP.DYN.CBRT.IN,Other small states,22.77096986
"Birth rate, crude (per 1,000 people)",SP.DYN.CBRT.IN,Pacific island small states,25.75056691
"Birth rate, crude (per 1,000 people)",SP.DYN.CBRT.IN,Post-demographic dividend,9.577868831
"Birth rate, crude (per 1,000 people)",SP.DYN.CBRT.IN,Pre-demographic dividend,36.09353878
"Birth rate, crude (per 1,000 people)",SP.DYN.CBRT.IN,Small states,21.68610789
"Birth rate, crude (per 1,000 people)",SP.DYN.CBRT.IN,South Asia,19.16397733
"Birth rate, crude (per 1,000 people)",SP.DYN.CBRT.IN,South Asia (IDA & IBRD),19.16397733
"Birth rate, crude (per 1,000 people)",SP.DYN.CBRT.IN,Sub-Saharan Africa,34.79017476
"Birth rate, crude (per 1,000 people)",SP.DYN.CBRT.IN,Sub-Saharan Africa (excluding high income),34.79179677
"Birth rate, crude (per 1,000 people)",SP.DYN.CBRT.IN,Sub-Saharan Africa (IDA & IBRD countries),34.79017476
"Birth rate, crude (per 1,000 people)",SP.DYN.CBRT.IN,Upper middle income,12.63694751
"Birth rate, crude (per 1,000 people)",SP.DYN.CBRT.IN,World,17.89717003
"Fertility rate, total (births per woman)",SP.DYN.TFRT.IN,Afghanistan,4.321
"Fertility rate, total (births per woman)",SP.DYN.TFRT.IN,Albania,1.597
"Fertility rate, total (births per woman)",SP.DYN.TFRT.IN,Algeria,2.988
"Fertility rate, total (births per woman)",SP.DYN.TFRT.IN,American Samoa,..
"Fertility rate, total (births per woman)",SP.DYN.TFRT.IN,Andorra,..
"Fertility rate, total (births per woman)",SP.DYN.TFRT.IN,Angola,5.442
"Fertility rate, total (births per woman)",SP.DYN.TFRT.IN,Antigua and Barbuda,1.987
"Fertility rate, total (births per woman)",SP.DYN.TFRT.IN,Argentina,2.247
"Fertility rate, total (births per woman)",SP.DYN.TFRT.IN,Armenia,1.758
"Fertility rate, total (births per woman)",SP.DYN.TFRT.IN,Aruba,1.901
"Fertility rate, total (births per woman)",SP.DYN.TFRT.IN,Australia,1.657
"Fertility rate, total (births per woman)",SP.DYN.TFRT.IN,Austria,1.46
"Fertility rate, total (births per woman)",SP.DYN.TFRT.IN,Azerbaijan,1.8
"Fertility rate, total (births per woman)",SP.DYN.TFRT.IN,"Bahamas, The",1.743
"Fertility rate, total (births per woman)",SP.DYN.TFRT.IN,Bahrain,1.964
"Fertility rate, total (births per woman)",SP.DYN.TFRT.IN,Bangladesh,2.011
"Fertility rate, total (births per woman)",SP.DYN.TFRT.IN,Barbados,1.623
"Fertility rate, total (births per woman)",SP.DYN.TFRT.IN,Belarus,1.382
"Fertility rate, total (births per woman)",SP.DYN.TFRT.IN,Belgium,1.57
"Fertility rate, total (births per woman)",SP.DYN.TFRT.IN,Belize,2.274
"Fertility rate, total (births per woman)",SP.DYN.TFRT.IN,Benin,4.767
"Fertility rate, total (births per woman)",SP.DYN.TFRT.IN,Bermuda,1.59
"Fertility rate, total (births per woman)",SP.DYN.TFRT.IN,Bhutan,1.954
"Fertility rate, total (births per woman)",SP.DYN.TFRT.IN,Bolivia,2.688
"Fertility rate, total (births per woman)",SP.DYN.TFRT.IN,Bosnia and Herzegovina,1.254
"Fertility rate, total (births per woman)",SP.DYN.TFRT.IN,Botswana,2.836
"Fertility rate, total (births per woman)",SP.DYN.TFRT.IN,Brazil,1.719
"Fertility rate, total (births per woman)",SP.DYN.TFRT.IN,British Virgin Islands,..
"Fertility rate, total (births per woman)",SP.DYN.TFRT.IN,Brunei Darussalam,1.819
"Fertility rate, total (births per woman)",SP.DYN.TFRT.IN,Bulgaria,1.58
"Fertility rate, total (births per woman)",SP.DYN.TFRT.IN,Burkina Faso,5.109
"Fertility rate, total (births per woman)",SP.DYN.TFRT.IN,Burundi,5.321
"Fertility rate, total (births per woman)",SP.DYN.TFRT.IN,Cabo Verde,2.242
"Fertility rate, total (births per woman)",SP.DYN.TFRT.IN,Cambodia,2.478
"Fertility rate, total (births per woman)",SP.DYN.TFRT.IN,Cameroon,4.506
"Fertility rate, total (births per woman)",SP.DYN.TFRT.IN,Canada,1.4684
"Fertility rate, total (births per woman)",SP.DYN.TFRT.IN,Cayman Islands,..
"Fertility rate, total (births per woman)",SP.DYN.TFRT.IN,Central African Republic,4.645
"Fertility rate, total (births per woman)",SP.DYN.TFRT.IN,Chad,5.649
"Fertility rate, total (births per woman)",SP.DYN.TFRT.IN,Channel Islands,1.509
"Fertility rate, total (births per woman)",SP.DYN.TFRT.IN,Chile,1.627
"Fertility rate, total (births per woman)",SP.DYN.TFRT.IN,China,1.696
"Fertility rate, total (births per woman)",SP.DYN.TFRT.IN,Colombia,1.789
"Fertility rate, total (births per woman)",SP.DYN.TFRT.IN,Comoros,4.138
"Fertility rate, total (births per woman)",SP.DYN.TFRT.IN,"Congo, Dem. Rep.",5.819
"Fertility rate, total (births per woman)",SP.DYN.TFRT.IN,"Congo, Rep.",4.374
"Fertility rate, total (births per woman)",SP.DYN.TFRT.IN,Costa Rica,1.737
"Fertility rate, total (births per woman)",SP.DYN.TFRT.IN,Cote d'Ivoire,4.593
"Fertility rate, total (births per woman)",SP.DYN.TFRT.IN,Croatia,1.47
"Fertility rate, total (births per woman)",SP.DYN.TFRT.IN,Cuba,1.602
"Fertility rate, total (births per woman)",SP.DYN.TFRT.IN,Curacao,1.6
"Fertility rate, total (births per woman)",SP.DYN.TFRT.IN,Cyprus,1.321
"Fertility rate, total (births per woman)",SP.DYN.TFRT.IN,Czech Republic,1.71
"Fertility rate, total (births per woman)",SP.DYN.TFRT.IN,Denmark,1.7
"Fertility rate, total (births per woman)",SP.DYN.TFRT.IN,Djibouti,2.676
"Fertility rate, total (births per woman)",SP.DYN.TFRT.IN,Dominica,..
"Fertility rate, total (births per woman)",SP.DYN.TFRT.IN,Dominican Republic,2.323
"Fertility rate, total (births per woman)",SP.DYN.TFRT.IN,Ecuador,2.403
"Fertility rate, total (births per woman)",SP.DYN.TFRT.IN,"Egypt, Arab Rep.",3.28
"Fertility rate, total (births per woman)",SP.DYN.TFRT.IN,El Salvador,2.021
"Fertility rate, total (births per woman)",SP.DYN.TFRT.IN,Equatorial Guinea,4.429
"Fertility rate, total (births per woman)",SP.DYN.TFRT.IN,Eritrea,3.997
"Fertility rate, total (births per woman)",SP.DYN.TFRT.IN,Estonia,1.66
"Fertility rate, total (births per woman)",SP.DYN.TFRT.IN,Eswatini,2.958
"Fertility rate, total (births per woman)",SP.DYN.TFRT.IN,Ethiopia,4.146
"Fertility rate, total (births per woman)",SP.DYN.TFRT.IN,Faroe Islands,2.4
"Fertility rate, total (births per woman)",SP.DYN.TFRT.IN,Fiji,2.754
"Fertility rate, total (births per woman)",SP.DYN.TFRT.IN,Finland,1.35
"Fertility rate, total (births per woman)",SP.DYN.TFRT.IN,France,1.87
"Fertility rate, total (births per woman)",SP.DYN.TFRT.IN,French Polynesia,1.927
"Fertility rate, total (births per woman)",SP.DYN.TFRT.IN,Gabon,3.922
"Fertility rate, total (births per woman)",SP.DYN.TFRT.IN,"Gambia, The",5.154
"Fertility rate, total (births per woman)",SP.DYN.TFRT.IN,Georgia,2.055
"Fertility rate, total (births per woman)",SP.DYN.TFRT.IN,Germany,1.54
"Fertility rate, total (births per woman)",SP.DYN.TFRT.IN,Ghana,3.816
"Fertility rate, total (births per woman)",SP.DYN.TFRT.IN,Gibraltar,..
"Fertility rate, total (births per woman)",SP.DYN.TFRT.IN,Greece,1.35
"Fertility rate, total (births per woman)",SP.DYN.TFRT.IN,Greenland,2.08
"Fertility rate, total (births per woman)",SP.DYN.TFRT.IN,Grenada,2.042
"Fertility rate, total (births per woman)",SP.DYN.TFRT.IN,Guam,2.293
"Fertility rate, total (births per woman)",SP.DYN.TFRT.IN,Guatemala,2.822
"Fertility rate, total (births per woman)",SP.DYN.TFRT.IN,Guinea,4.625
"Fertility rate, total (births per woman)",SP.DYN.TFRT.IN,Guinea-Bissau,4.402
"Fertility rate, total (births per woman)",SP.DYN.TFRT.IN,Guyana,2.44
"Fertility rate, total (births per woman)",SP.DYN.TFRT.IN,Haiti,2.887
"Fertility rate, total (births per woman)",SP.DYN.TFRT.IN,Honduras,2.427
"Fertility rate, total (births per woman)",SP.DYN.TFRT.IN,"Hong Kong SAR, China",1.051
"Fertility rate, total (births per woman)",SP.DYN.TFRT.IN,Hungary,1.49
"Fertility rate, total (births per woman)",SP.DYN.TFRT.IN,Iceland,1.75
"Fertility rate, total (births per woman)",SP.DYN.TFRT.IN,India,2.202
"Fertility rate, total (births per woman)",SP.DYN.TFRT.IN,Indonesia,2.288
"Fertility rate, total (births per woman)",SP.DYN.TFRT.IN,"Iran, Islamic Rep.",2.146
"Fertility rate, total (births per woman)",SP.DYN.TFRT.IN,Iraq,3.597
"Fertility rate, total (births per woman)",SP.DYN.TFRT.IN,Ireland,1.7
"Fertility rate, total (births per woman)",SP.DYN.TFRT.IN,Isle of Man,..
"Fertility rate, total (births per woman)",SP.DYN.TFRT.IN,Israel,3.01
"Fertility rate, total (births per woman)",SP.DYN.TFRT.IN,Italy,1.27
"Fertility rate, total (births per woman)",SP.DYN.TFRT.IN,Jamaica,1.965
"Fertility rate, total (births per woman)",SP.DYN.TFRT.IN,Japan,1.36
"Fertility rate, total (births per woman)",SP.DYN.TFRT.IN,Jordan,2.691
"Fertility rate, total (births per woman)",SP.DYN.TFRT.IN,Kazakhstan,2.9
"Fertility rate, total (births per woman)",SP.DYN.TFRT.IN,Kenya,3.423
"Fertility rate, total (births per woman)",SP.DYN.TFRT.IN,Kiribati,3.53
"Fertility rate, total (births per woman)",SP.DYN.TFRT.IN,"Korea, Dem. People's Rep.",1.896
"Fertility rate, total (births per woman)",SP.DYN.TFRT.IN,"Korea, Rep.",0.918
"Fertility rate, total (births per woman)",SP.DYN.TFRT.IN,Kosovo,1.97
"Fertility rate, total (births per woman)",SP.DYN.TFRT.IN,Kuwait,2.077
"Fertility rate, total (births per woman)",SP.DYN.TFRT.IN,Kyrgyz Republic,3.3
"Fertility rate, total (births per woman)",SP.DYN.TFRT.IN,Lao PDR,2.626
"Fertility rate, total (births per woman)",SP.DYN.TFRT.IN,Latvia,1.61
"Fertility rate, total (births per woman)",SP.DYN.TFRT.IN,Lebanon,2.075
"Fertility rate, total (births per woman)",SP.DYN.TFRT.IN,Lesotho,3.108
"Fertility rate, total (births per woman)",SP.DYN.TFRT.IN,Liberia,4.247
"Fertility rate, total (births per woman)",SP.DYN.TFRT.IN,Libya,2.206
"Fertility rate, total (births per woman)",SP.DYN.TFRT.IN,Liechtenstein,1.47
"Fertility rate, total (births per woman)",SP.DYN.TFRT.IN,Lithuania,1.61
"Fertility rate, total (births per woman)",SP.DYN.TFRT.IN,Luxembourg,1.34
"Fertility rate, total (births per woman)",SP.DYN.TFRT.IN,"Macao SAR, China",1.228
"Fertility rate, total (births per woman)",SP.DYN.TFRT.IN,Madagascar,4.026
"Fertility rate, total (births per woman)",SP.DYN.TFRT.IN,Malawi,4.127
"Fertility rate, total (births per woman)",SP.DYN.TFRT.IN,Malaysia,1.983
"Fertility rate, total (births per woman)",SP.DYN.TFRT.IN,Maldives,1.84
"Fertility rate, total (births per woman)",SP.DYN.TFRT.IN,Mali,5.785
"Fertility rate, total (births per woman)",SP.DYN.TFRT.IN,Malta,1.1
"Fertility rate, total (births per woman)",SP.DYN.TFRT.IN,Marshall Islands,..
"Fertility rate, total (births per woman)",SP.DYN.TFRT.IN,Mauritania,4.503
"Fertility rate, total (births per woman)",SP.DYN.TFRT.IN,Mauritius,1.4
"Fertility rate, total (births per woman)",SP.DYN.TFRT.IN,Mexico,2.103
"Fertility rate, total (births per woman)",SP.DYN.TFRT.IN,"Micronesia, Fed. Sts.",3.01
"Fertility rate, total (births per woman)",SP.DYN.TFRT.IN,Moldova,1.269
"Fertility rate, total (births per woman)",SP.DYN.TFRT.IN,Monaco,..
"Fertility rate, total (births per woman)",SP.DYN.TFRT.IN,Mongolia,2.867
"Fertility rate, total (births per woman)",SP.DYN.TFRT.IN,Montenegro,1.748
"Fertility rate, total (births per woman)",SP.DYN.TFRT.IN,Morocco,2.382
"Fertility rate, total (births per woman)",SP.DYN.TFRT.IN,Mozambique,4.783
"Fertility rate, total (births per woman)",SP.DYN.TFRT.IN,Myanmar,2.138
"Fertility rate, total (births per woman)",SP.DYN.TFRT.IN,Namibia,3.344
"Fertility rate, total (births per woman)",SP.DYN.TFRT.IN,Nauru,..
"Fertility rate, total (births per woman)",SP.DYN.TFRT.IN,Nepal,1.876
"Fertility rate, total (births per woman)",SP.DYN.TFRT.IN,Netherlands,1.57
"Fertility rate, total (births per woman)",SP.DYN.TFRT.IN,New Caledonia,1.94
"Fertility rate, total (births per woman)",SP.DYN.TFRT.IN,New Zealand,1.72
"Fertility rate, total (births per woman)",SP.DYN.TFRT.IN,Nicaragua,2.377
"Fertility rate, total (births per woman)",SP.DYN.TFRT.IN,Niger,6.824
"Fertility rate, total (births per woman)",SP.DYN.TFRT.IN,Nigeria,5.317
"Fertility rate, total (births per woman)",SP.DYN.TFRT.IN,North Macedonia,1.489
"Fertility rate, total (births per woman)",SP.DYN.TFRT.IN,Northern Mariana Islands,..
"Fertility rate, total (births per woman)",SP.DYN.TFRT.IN,Norway,1.53
"Fertility rate, total (births per woman)",SP.DYN.TFRT.IN,Oman,2.842
"Fertility rate, total (births per woman)",SP.DYN.TFRT.IN,Pakistan,3.454
"Fertility rate, total (births per woman)",SP.DYN.TFRT.IN,Palau,..
"Fertility rate, total (births per woman)",SP.DYN.TFRT.IN,Panama,2.437
"Fertility rate, total (births per woman)",SP.DYN.TFRT.IN,Papua New Guinea,3.52
"Fertility rate, total (births per woman)",SP.DYN.TFRT.IN,Paraguay,2.405
"Fertility rate, total (births per woman)",SP.DYN.TFRT.IN,Peru,2.233
"Fertility rate, total (births per woman)",SP.DYN.TFRT.IN,Philippines,2.526
"Fertility rate, total (births per woman)",SP.DYN.TFRT.IN,Poland,1.42
"Fertility rate, total (births per woman)",SP.DYN.TFRT.IN,Portugal,1.42
"Fertility rate, total (births per woman)",SP.DYN.TFRT.IN,Puerto Rico,1.035
"Fertility rate, total (births per woman)",SP.DYN.TFRT.IN,Qatar,1.846
"Fertility rate, total (births per woman)",SP.DYN.TFRT.IN,Romania,1.76
"Fertility rate, total (births per woman)",SP.DYN.TFRT.IN,Russian Federation,1.504
"Fertility rate, total (births per woman)",SP.DYN.TFRT.IN,Rwanda,3.99
"Fertility rate, total (births per woman)",SP.DYN.TFRT.IN,Samoa,3.83
"Fertility rate, total (births per woman)",SP.DYN.TFRT.IN,San Marino,..
"Fertility rate, total (births per woman)",SP.DYN.TFRT.IN,Sao Tome and Principe,4.267
"Fertility rate, total (births per woman)",SP.DYN.TFRT.IN,Saudi Arabia,2.275
"Fertility rate, total (births per woman)",SP.DYN.TFRT.IN,Senegal,4.556
"Fertility rate, total (births per woman)",SP.DYN.TFRT.IN,Serbia,1.52
"Fertility rate, total (births per woman)",SP.DYN.TFRT.IN,Seychelles,2.34
"Fertility rate, total (births per woman)",SP.DYN.TFRT.IN,Sierra Leone,4.169
"Fertility rate, total (births per woman)",SP.DYN.TFRT.IN,Singapore,1.14
"Fertility rate, total (births per woman)",SP.DYN.TFRT.IN,Sint Maarten (Dutch part),..
"Fertility rate, total (births per woman)",SP.DYN.TFRT.IN,Slovak Republic,1.56
"Fertility rate, total (births per woman)",SP.DYN.TFRT.IN,Slovenia,1.61
"Fertility rate, total (births per woman)",SP.DYN.TFRT.IN,Solomon Islands,4.361
"Fertility rate, total (births per woman)",SP.DYN.TFRT.IN,Somalia,5.978
"Fertility rate, total (births per woman)",SP.DYN.TFRT.IN,South Africa,2.381
"Fertility rate, total (births per woman)",SP.DYN.TFRT.IN,South Sudan,4.619
"Fertility rate, total (births per woman)",SP.DYN.TFRT.IN,Spain,1.24
"Fertility rate, total (births per woman)",SP.DYN.TFRT.IN,Sri Lanka,2.188
"Fertility rate, total (births per woman)",SP.DYN.TFRT.IN,St. Kitts and Nevis,..
"Fertility rate, total (births per woman)",SP.DYN.TFRT.IN,St. Lucia,1.424
"Fertility rate, total (births per woman)",SP.DYN.TFRT.IN,St. Martin (French part),1.81
"Fertility rate, total (births per woman)",SP.DYN.TFRT.IN,St. Vincent and the Grenadines,1.872
"Fertility rate, total (births per woman)",SP.DYN.TFRT.IN,Sudan,4.347
"Fertility rate, total (births per woman)",SP.DYN.TFRT.IN,Suriname,2.394
"Fertility rate, total (births per woman)",SP.DYN.TFRT.IN,Sweden,1.7
"Fertility rate, total (births per woman)",SP.DYN.TFRT.IN,Switzerland,1.48
"Fertility rate, total (births per woman)",SP.DYN.TFRT.IN,Syrian Arab Republic,2.771
"Fertility rate, total (births per woman)",SP.DYN.TFRT.IN,Tajikistan,3.556
"Fertility rate, total (births per woman)",SP.DYN.TFRT.IN,Tanzania,4.832
"Fertility rate, total (births per woman)",SP.DYN.TFRT.IN,Thailand,1.514
"Fertility rate, total (births per woman)",SP.DYN.TFRT.IN,Timor-Leste,3.943
"Fertility rate, total (births per woman)",SP.DYN.TFRT.IN,Togo,4.259
"Fertility rate, total (births per woman)",SP.DYN.TFRT.IN,Tonga,3.518
"Fertility rate, total (births per woman)",SP.DYN.TFRT.IN,Trinidad and Tobago,1.711
"Fertility rate, total (births per woman)",SP.DYN.TFRT.IN,Tunisia,2.174
"Fertility rate, total (births per woman)",SP.DYN.TFRT.IN,Turkey,2.055
"Fertility rate, total (births per woman)",SP.DYN.TFRT.IN,Turkmenistan,2.74
"Fertility rate, total (births per woman)",SP.DYN.TFRT.IN,Turks and Caicos Islands,..
"Fertility rate, total (births per woman)",SP.DYN.TFRT.IN,Tuvalu,..
"Fertility rate, total (births per woman)",SP.DYN.TFRT.IN,Uganda,4.824
"Fertility rate, total (births per woman)",SP.DYN.TFRT.IN,Ukraine,1.228
"Fertility rate, total (births per woman)",SP.DYN.TFRT.IN,United Arab Emirates,1.387
"Fertility rate, total (births per woman)",SP.DYN.TFRT.IN,United Kingdom,1.65
"Fertility rate, total (births per woman)",SP.DYN.TFRT.IN,United States,1.705
"Fertility rate, total (births per woman)",SP.DYN.TFRT.IN,Uruguay,1.963
"Fertility rate, total (births per woman)",SP.DYN.TFRT.IN,Uzbekistan,2.785
"Fertility rate, total (births per woman)",SP.DYN.TFRT.IN,Vanuatu,3.744
"Fertility rate, total (births per woman)",SP.DYN.TFRT.IN,"Venezuela, RB",2.25
"Fertility rate, total (births per woman)",SP.DYN.TFRT.IN,Vietnam,2.05
"Fertility rate, total (births per woman)",SP.DYN.TFRT.IN,Virgin Islands (U.S.),2.05
"Fertility rate, total (births per woman)",SP.DYN.TFRT.IN,West Bank and Gaza,3.56
"Fertility rate, total (births per woman)",SP.DYN.TFRT.IN,"Yemen, Rep.",3.7
"Fertility rate, total (births per woman)",SP.DYN.TFRT.IN,Zambia,4.559
"Fertility rate, total (births per woman)",SP.DYN.TFRT.IN,Zimbabwe,3.531
"Fertility rate, total (births per woman)",SP.DYN.TFRT.IN,Africa Eastern and Southern,4.349432929
"Fertility rate, total (births per woman)",SP.DYN.TFRT.IN,Africa Western and Central,5.044144414
"Fertility rate, total (births per woman)",SP.DYN.TFRT.IN,Arab World,3.187157135
"Fertility rate, total (births per woman)",SP.DYN.TFRT.IN,Caribbean small states,1.979904065
"Fertility rate, total (births per woman)",SP.DYN.TFRT.IN,Central Europe and the Baltics,1.555124878
"Fertility rate, total (births per woman)",SP.DYN.TFRT.IN,Early-demographic dividend,2.462958375
"Fertility rate, total (births per woman)",SP.DYN.TFRT.IN,East Asia & Pacific,1.818009682
"Fertility rate, total (births per woman)",SP.DYN.TFRT.IN,East Asia & Pacific (excluding high income),1.876180147
"Fertility rate, total (births per woman)",SP.DYN.TFRT.IN,East Asia & Pacific (IDA & IBRD countries),1.87592836
"Fertility rate, total (births per woman)",SP.DYN.TFRT.IN,Euro area,1.5068249
"Fertility rate, total (births per woman)",SP.DYN.TFRT.IN,Europe & Central Asia,1.702030521
"Fertility rate, total (births per woman)",SP.DYN.TFRT.IN,Europe & Central Asia (excluding high income),1.885470114
"Fertility rate, total (births per woman)",SP.DYN.TFRT.IN,Europe & Central Asia (IDA & IBRD countries),1.845627185
"Fertility rate, total (births per woman)",SP.DYN.TFRT.IN,European Union,1.522678818
"Fertility rate, total (births per woman)",SP.DYN.TFRT.IN,Fragile and conflict affected situations,4.402550315
"Fertility rate, total (births per woman)",SP.DYN.TFRT.IN,Heavily indebted poor countries (HIPC),4.619824846
"Fertility rate, total (births per woman)",SP.DYN.TFRT.IN,High income,1.56538702
"Fertility rate, total (births per woman)",SP.DYN.TFRT.IN,IBRD only,2.057272886
"Fertility rate, total (births per woman)",SP.DYN.TFRT.IN,IDA & IBRD total,2.533810086
"Fertility rate, total (births per woman)",SP.DYN.TFRT.IN,IDA blend,4.090236487
"Fertility rate, total (births per woman)",SP.DYN.TFRT.IN,IDA only,3.862692579
"Fertility rate, total (births per woman)",SP.DYN.TFRT.IN,IDA total,3.93814382
"Fertility rate, total (births per woman)",SP.DYN.TFRT.IN,Late-demographic dividend,1.739234048
"Fertility rate, total (births per woman)",SP.DYN.TFRT.IN,Latin America & Caribbean,2.009043405
"Fertility rate, total (births per woman)",SP.DYN.TFRT.IN,Latin America & Caribbean (excluding high income),2.015209743
"Fertility rate, total (births per woman)",SP.DYN.TFRT.IN,Latin America & the Caribbean (IDA & IBRD countries),2.019710483
"Fertility rate, total (births per woman)",SP.DYN.TFRT.IN,Least developed countries: UN classification,3.944640221
"Fertility rate, total (births per woman)",SP.DYN.TFRT.IN,Low & middle income,2.541512584
"Fertility rate, total (births per woman)",SP.DYN.TFRT.IN,Low income,4.573092299
"Fertility rate, total (births per woman)",SP.DYN.TFRT.IN,Lower middle income,2.692764694
"Fertility rate, total (births per woman)",SP.DYN.TFRT.IN,Middle East & North Africa,2.776055761
"Fertility rate, total (births per woman)",SP.DYN.TFRT.IN,Middle East & North Africa (excluding high income),2.855671334
"Fertility rate, total (births per woman)",SP.DYN.TFRT.IN,Middle East & North Africa (IDA & IBRD countries),2.847422479
"Fertility rate, total (births per woman)",SP.DYN.TFRT.IN,Middle income,2.327615796
"Fertility rate, total (births per woman)",SP.DYN.TFRT.IN,North America,1.680782509
"Fertility rate, total (births per woman)",SP.DYN.TFRT.IN,Not classified,..
"Fertility rate, total (births per woman)",SP.DYN.TFRT.IN,OECD members,1.659948614
"Fertility rate, total (births per woman)",SP.DYN.TFRT.IN,Other small states,3.016148408
"Fertility rate, total (births per woman)",SP.DYN.TFRT.IN,Pacific island small states,3.486783564
"Fertility rate, total (births per woman)",SP.DYN.TFRT.IN,Post-demographic dividend,1.520277129
"Fertility rate, total (births per woman)",SP.DYN.TFRT.IN,Pre-demographic dividend,4.86171988
"Fertility rate, total (births per woman)",SP.DYN.TFRT.IN,Small states,2.846751983
"Fertility rate, total (births per woman)",SP.DYN.TFRT.IN,South Asia,2.359412714
"Fertility rate, total (births per woman)",SP.DYN.TFRT.IN,South Asia (IDA & IBRD),2.359412714
"Fertility rate, total (births per woman)",SP.DYN.TFRT.IN,Sub-Saharan Africa,4.623103488
"Fertility rate, total (births per woman)",SP.DYN.TFRT.IN,Sub-Saharan Africa (excluding high income),4.623303519
"Fertility rate, total (births per woman)",SP.DYN.TFRT.IN,Sub-Saharan Africa (IDA & IBRD countries),4.623103488
"Fertility rate, total (births per woman)",SP.DYN.TFRT.IN,Upper middle income,1.831871526
"Fertility rate, total (births per woman)",SP.DYN.TFRT.IN,World,2.402706848
GDP per capita (current US$),NY.GDP.PCAP.CD,Afghanistan,507.1033919
GDP per capita (current US$),NY.GDP.PCAP.CD,Albania,5355.847795
GDP per capita (current US$),NY.GDP.PCAP.CD,Algeria,3975.508993
GDP per capita (current US$),NY.GDP.PCAP.CD,American Samoa,11534.56754
GDP per capita (current US$),NY.GDP.PCAP.CD,Andorra,40897.33087
GDP per capita (current US$),NY.GDP.PCAP.CD,Angola,2809.626088
GDP per capita (current US$),NY.GDP.PCAP.CD,Antigua and Barbuda,17113.34977
GDP per capita (current US$),NY.GDP.PCAP.CD,Argentina,9912.281809
GDP per capita (current US$),NY.GDP.PCAP.CD,Armenia,4622.738182
GDP per capita (current US$),NY.GDP.PCAP.CD,Aruba,..
GDP per capita (current US$),NY.GDP.PCAP.CD,Australia,55057.2047
GDP per capita (current US$),NY.GDP.PCAP.CD,Austria,50121.55421
GDP per capita (current US$),NY.GDP.PCAP.CD,Azerbaijan,4805.753718
GDP per capita (current US$),NY.GDP.PCAP.CD,"Bahamas, The",34863.38405
GDP per capita (current US$),NY.GDP.PCAP.CD,Bahrain,23443.43483
GDP per capita (current US$),NY.GDP.PCAP.CD,Bangladesh,1855.69151
GDP per capita (current US$),NY.GDP.PCAP.CD,Barbados,18148.49785
GDP per capita (current US$),NY.GDP.PCAP.CD,Belarus,6839.103833
GDP per capita (current US$),NY.GDP.PCAP.CD,Belgium,46414.43523
GDP per capita (current US$),NY.GDP.PCAP.CD,Belize,5078.809944
GDP per capita (current US$),NY.GDP.PCAP.CD,Benin,1219.515479
GDP per capita (current US$),NY.GDP.PCAP.CD,Bermuda,117098.4463
GDP per capita (current US$),NY.GDP.PCAP.CD,Bhutan,3316.167022
GDP per capita (current US$),NY.GDP.PCAP.CD,Bolivia,3552.068144
GDP per capita (current US$),NY.GDP.PCAP.CD,Bosnia and Herzegovina,6120.112626
GDP per capita (current US$),NY.GDP.PCAP.CD,Botswana,7970.796968
GDP per capita (current US$),NY.GDP.PCAP.CD,Brazil,8897.48777
GDP per capita (current US$),NY.GDP.PCAP.CD,British Virgin Islands,..
GDP per capita (current US$),NY.GDP.PCAP.CD,Brunei Darussalam,31085.96189
GDP per capita (current US$),NY.GDP.PCAP.CD,Bulgaria,9828.148515
GDP per capita (current US$),NY.GDP.PCAP.CD,Burkina Faso,786.8954377
GDP per capita (current US$),NY.GDP.PCAP.CD,Burundi,261.2452912
GDP per capita (current US$),NY.GDP.PCAP.CD,Cabo Verde,3603.775241
GDP per capita (current US$),NY.GDP.PCAP.CD,Cambodia,1643.121389
GDP per capita (current US$),NY.GDP.PCAP.CD,Cameroon,1507.449798
GDP per capita (current US$),NY.GDP.PCAP.CD,Canada,46326.67264
GDP per capita (current US$),NY.GDP.PCAP.CD,Cayman Islands,91392.64259
GDP per capita (current US$),NY.GDP.PCAP.CD,Central African Republic,467.9080218
GDP per capita (current US$),NY.GDP.PCAP.CD,Chad,709.5400432
GDP per capita (current US$),NY.GDP.PCAP.CD,Channel Islands,..
GDP per capita (current US$),NY.GDP.PCAP.CD,Chile,14741.7144
GDP per capita (current US$),NY.GDP.PCAP.CD,China,10216.63033
GDP per capita (current US$),NY.GDP.PCAP.CD,Colombia,6424.979492
GDP per capita (current US$),NY.GDP.PCAP.CD,Comoros,1370.140123
GDP per capita (current US$),NY.GDP.PCAP.CD,"Congo, Dem. Rep.",580.7168605
GDP per capita (current US$),NY.GDP.PCAP.CD,"Congo, Rep.",2359.177309
GDP per capita (current US$),NY.GDP.PCAP.CD,Costa Rica,12669.70608
GDP per capita (current US$),NY.GDP.PCAP.CD,Cote d'Ivoire,2276.332394
GDP per capita (current US$),NY.GDP.PCAP.CD,Croatia,14944.35622
GDP per capita (current US$),NY.GDP.PCAP.CD,Cuba,9099.673146
GDP per capita (current US$),NY.GDP.PCAP.CD,Curacao,19701.27038
GDP per capita (current US$),NY.GDP.PCAP.CD,Cyprus,28288.46158
GDP per capita (current US$),NY.GDP.PCAP.CD,Czech Republic,23660.14881
GDP per capita (current US$),NY.GDP.PCAP.CD,Denmark,59775.7351
GDP per capita (current US$),NY.GDP.PCAP.CD,Djibouti,3414.935393
GDP per capita (current US$),NY.GDP.PCAP.CD,Dominica,8001.997095
GDP per capita (current US$),NY.GDP.PCAP.CD,Dominican Republic,8282.117131
GDP per capita (current US$),NY.GDP.PCAP.CD,Ecuador,6222.524653
GDP per capita (current US$),NY.GDP.PCAP.CD,"Egypt, Arab Rep.",3019.092283
GDP per capita (current US$),NY.GDP.PCAP.CD,El Salvador,4167.730939
GDP per capita (current US$),NY.GDP.PCAP.CD,Equatorial Guinea,8419.933336
GDP per capita (current US$),NY.GDP.PCAP.CD,Eritrea,..
GDP per capita (current US$),NY.GDP.PCAP.CD,Estonia,23397.12001
GDP per capita (current US$),NY.GDP.PCAP.CD,Eswatini,3894.66963
GDP per capita (current US$),NY.GDP.PCAP.CD,Ethiopia,855.7608852
GDP per capita (current US$),NY.GDP.PCAP.CD,Faroe Islands,64225.2649
GDP per capita (current US$),NY.GDP.PCAP.CD,Fiji,6175.874841
GDP per capita (current US$),NY.GDP.PCAP.CD,Finland,48678.31413
GDP per capita (current US$),NY.GDP.PCAP.CD,France,40578.64429
GDP per capita (current US$),NY.GDP.PCAP.CD,French Polynesia,..
GDP per capita (current US$),NY.GDP.PCAP.CD,Gabon,7767.016979
GDP per capita (current US$),NY.GDP.PCAP.CD,"Gambia, The",777.8152452
GDP per capita (current US$),NY.GDP.PCAP.CD,Georgia,4697.983652
GDP per capita (current US$),NY.GDP.PCAP.CD,Germany,46794.89929
GDP per capita (current US$),NY.GDP.PCAP.CD,Ghana,2210.355923
GDP per capita (current US$),NY.GDP.PCAP.CD,Gibraltar,..
GDP per capita (current US$),NY.GDP.PCAP.CD,Greece,19150.7862
GDP per capita (current US$),NY.GDP.PCAP.CD,Greenland,..
GDP per capita (current US$),NY.GDP.PCAP.CD,Grenada,10815.91136
GDP per capita (current US$),NY.GDP.PCAP.CD,Guam,37723.78134
GDP per capita (current US$),NY.GDP.PCAP.CD,Guatemala,4638.634943
GDP per capita (current US$),NY.GDP.PCAP.CD,Guinea,1058.143368
GDP per capita (current US$),NY.GDP.PCAP.CD,Guinea-Bissau,749.453747
GDP per capita (current US$),NY.GDP.PCAP.CD,Guyana,6609.510431
GDP per capita (current US$),NY.GDP.PCAP.CD,Haiti,1272.490699
GDP per capita (current US$),NY.GDP.PCAP.CD,Honduras,2574.356751
GDP per capita (current US$),NY.GDP.PCAP.CD,"Hong Kong SAR, China",48354.47337
GDP per capita (current US$),NY.GDP.PCAP.CD,Hungary,16733.32217
GDP per capita (current US$),NY.GDP.PCAP.CD,Iceland,68941.46223
GDP per capita (current US$),NY.GDP.PCAP.CD,India,2100.751461
GDP per capita (current US$),NY.GDP.PCAP.CD,Indonesia,4135.201531
GDP per capita (current US$),NY.GDP.PCAP.CD,"Iran, Islamic Rep.",3114.622753
GDP per capita (current US$),NY.GDP.PCAP.CD,Iraq,5658.492267
GDP per capita (current US$),NY.GDP.PCAP.CD,Ireland,80886.61574
GDP per capita (current US$),NY.GDP.PCAP.CD,Isle of Man,..
GDP per capita (current US$),NY.GDP.PCAP.CD,Israel,43588.71315
GDP per capita (current US$),NY.GDP.PCAP.CD,Italy,33566.7873
GDP per capita (current US$),NY.GDP.PCAP.CD,Jamaica,5369.498371
GDP per capita (current US$),NY.GDP.PCAP.CD,Japan,40777.6087
GDP per capita (current US$),NY.GDP.PCAP.CD,Jordan,4405.487109
GDP per capita (current US$),NY.GDP.PCAP.CD,Kazakhstan,9812.595808
GDP per capita (current US$),NY.GDP.PCAP.CD,Kenya,1816.547124
GDP per capita (current US$),NY.GDP.PCAP.CD,Kiribati,1655.050693
GDP per capita (current US$),NY.GDP.PCAP.CD,"Korea, Dem. People's Rep.",..
GDP per capita (current US$),NY.GDP.PCAP.CD,"Korea, Rep.",31846.21823
GDP per capita (current US$),NY.GDP.PCAP.CD,Kosovo,4445.890702
GDP per capita (current US$),NY.GDP.PCAP.CD,Kuwait,32373.25111
GDP per capita (current US$),NY.GDP.PCAP.CD,Kyrgyz Republic,1374.031136
GDP per capita (current US$),NY.GDP.PCAP.CD,Lao PDR,2544.95255
GDP per capita (current US$),NY.GDP.PCAP.CD,Latvia,17794.47862
GDP per capita (current US$),NY.GDP.PCAP.CD,Lebanon,7583.699146
GDP per capita (current US$),NY.GDP.PCAP.CD,Lesotho,1113.37214
GDP per capita (current US$),NY.GDP.PCAP.CD,Liberia,621.8929536
GDP per capita (current US$),NY.GDP.PCAP.CD,Libya,7685.948132
GDP per capita (current US$),NY.GDP.PCAP.CD,Liechtenstein,..
GDP per capita (current US$),NY.GDP.PCAP.CD,Lithuania,19555.21107
GDP per capita (current US$),NY.GDP.PCAP.CD,Luxembourg,114685.1684
GDP per capita (current US$),NY.GDP.PCAP.CD,"Macao SAR, China",86117.65543
GDP per capita (current US$),NY.GDP.PCAP.CD,Madagascar,526.2245722
GDP per capita (current US$),NY.GDP.PCAP.CD,Malawi,583.1102036
GDP per capita (current US$),NY.GDP.PCAP.CD,Malaysia,11414.20269
GDP per capita (current US$),NY.GDP.PCAP.CD,Maldives,10626.43335
GDP per capita (current US$),NY.GDP.PCAP.CD,Mali,879.1227752
GDP per capita (current US$),NY.GDP.PCAP.CD,Malta,30186.19596
GDP per capita (current US$),NY.GDP.PCAP.CD,Marshall Islands,4073.10983
GDP per capita (current US$),NY.GDP.PCAP.CD,Mauritania,1679.442605
GDP per capita (current US$),NY.GDP.PCAP.CD,Mauritius,11097.58693
GDP per capita (current US$),NY.GDP.PCAP.CD,Mexico,9946.033829
GDP per capita (current US$),NY.GDP.PCAP.CD,"Micronesia, Fed. Sts.",3585.423202
GDP per capita (current US$),NY.GDP.PCAP.CD,Moldova,4494.018403
GDP per capita (current US$),NY.GDP.PCAP.CD,Monaco,190512.7374
GDP per capita (current US$),NY.GDP.PCAP.CD,Mongolia,4339.844625
GDP per capita (current US$),NY.GDP.PCAP.CD,Montenegro,8910.651554
GDP per capita (current US$),NY.GDP.PCAP.CD,Morocco,3230.409722
GDP per capita (current US$),NY.GDP.PCAP.CD,Mozambique,503.5706566
GDP per capita (current US$),NY.GDP.PCAP.CD,Myanmar,1477.355368
GDP per capita (current US$),NY.GDP.PCAP.CD,Namibia,5037.342629
GDP per capita (current US$),NY.GDP.PCAP.CD,Nauru,10983.22465
GDP per capita (current US$),NY.GDP.PCAP.CD,Nepal,1194.956876
GDP per capita (current US$),NY.GDP.PCAP.CD,Netherlands,52476.27325
GDP per capita (current US$),NY.GDP.PCAP.CD,New Caledonia,..
GDP per capita (current US$),NY.GDP.PCAP.CD,New Zealand,42755.21626
GDP per capita (current US$),NY.GDP.PCAP.CD,Nicaragua,1926.699694
GDP per capita (current US$),NY.GDP.PCAP.CD,Niger,553.8949553
GDP per capita (current US$),NY.GDP.PCAP.CD,Nigeria,2229.858652
GDP per capita (current US$),NY.GDP.PCAP.CD,North Macedonia,6022.24099
GDP per capita (current US$),NY.GDP.PCAP.CD,Northern Mariana Islands,20659.64029
GDP per capita (current US$),NY.GDP.PCAP.CD,Norway,75826.08188
GDP per capita (current US$),NY.GDP.PCAP.CD,Oman,15343.0435
GDP per capita (current US$),NY.GDP.PCAP.CD,Pakistan,1284.702047
GDP per capita (current US$),NY.GDP.PCAP.CD,Palau,14907.77735
GDP per capita (current US$),NY.GDP.PCAP.CD,Panama,15727.97449
GDP per capita (current US$),NY.GDP.PCAP.CD,Papua New Guinea,2829.167085
GDP per capita (current US$),NY.GDP.PCAP.CD,Paraguay,5380.963322
GDP per capita (current US$),NY.GDP.PCAP.CD,Peru,7027.612207
GDP per capita (current US$),NY.GDP.PCAP.CD,Philippines,3485.340844
GDP per capita (current US$),NY.GDP.PCAP.CD,Poland,15694.84082
GDP per capita (current US$),NY.GDP.PCAP.CD,Portugal,23284.52723
GDP per capita (current US$),NY.GDP.PCAP.CD,Puerto Rico,32850.54861
GDP per capita (current US$),NY.GDP.PCAP.CD,Qatar,62087.97413
GDP per capita (current US$),NY.GDP.PCAP.CD,Romania,12889.80961
GDP per capita (current US$),NY.GDP.PCAP.CD,Russian Federation,11497.64925
GDP per capita (current US$),NY.GDP.PCAP.CD,Rwanda,820.1492886
GDP per capita (current US$),NY.GDP.PCAP.CD,Samoa,4324.101774
GDP per capita (current US$),NY.GDP.PCAP.CD,San Marino,47731.20854
GDP per capita (current US$),NY.GDP.PCAP.CD,Sao Tome and Principe,1987.579702
GDP per capita (current US$),NY.GDP.PCAP.CD,Saudi Arabia,23139.79798
GDP per capita (current US$),NY.GDP.PCAP.CD,Senegal,1430.148259
GDP per capita (current US$),NY.GDP.PCAP.CD,Serbia,7411.558649
GDP per capita (current US$),NY.GDP.PCAP.CD,Seychelles,16198.51748
GDP per capita (current US$),NY.GDP.PCAP.CD,Sierra Leone,527.5341745
GDP per capita (current US$),NY.GDP.PCAP.CD,Singapore,65640.70795
GDP per capita (current US$),NY.GDP.PCAP.CD,Sint Maarten (Dutch part),..
GDP per capita (current US$),NY.GDP.PCAP.CD,Slovak Republic,19273.25395
GDP per capita (current US$),NY.GDP.PCAP.CD,Slovenia,25942.95477
GDP per capita (current US$),NY.GDP.PCAP.CD,Solomon Islands,2344.231634
GDP per capita (current US$),NY.GDP.PCAP.CD,Somalia,320.0381483
GDP per capita (current US$),NY.GDP.PCAP.CD,South Africa,6001.401121
GDP per capita (current US$),NY.GDP.PCAP.CD,South Sudan,..
GDP per capita (current US$),NY.GDP.PCAP.CD,Spain,29555.3157
GDP per capita (current US$),NY.GDP.PCAP.CD,Sri Lanka,3851.56099
GDP per capita (current US$),NY.GDP.PCAP.CD,St. Kitts and Nevis,19773.46237
GDP per capita (current US$),NY.GDP.PCAP.CD,St. Lucia,11611.09784
GDP per capita (current US$),NY.GDP.PCAP.CD,St. Martin (French part),..
GDP per capita (current US$),NY.GDP.PCAP.CD,St. Vincent and the Grenadines,7457.239776
GDP per capita (current US$),NY.GDP.PCAP.CD,Sudan,753.2821741
GDP per capita (current US$),NY.GDP.PCAP.CD,Suriname,7261.16561
GDP per capita (current US$),NY.GDP.PCAP.CD,Sweden,51939.42974
GDP per capita (current US$),NY.GDP.PCAP.CD,Switzerland,85334.51946
GDP per capita (current US$),NY.GDP.PCAP.CD,Syrian Arab Republic,..
GDP per capita (current US$),NY.GDP.PCAP.CD,Tajikistan,890.5444024
GDP per capita (current US$),NY.GDP.PCAP.CD,Tanzania,1085.884861
GDP per capita (current US$),NY.GDP.PCAP.CD,Thailand,7817.011522
GDP per capita (current US$),NY.GDP.PCAP.CD,Timor-Leste,1560.508615
GDP per capita (current US$),NY.GDP.PCAP.CD,Togo,893.3524541
GDP per capita (current US$),NY.GDP.PCAP.CD,Tonga,4903.012138
GDP per capita (current US$),NY.GDP.PCAP.CD,Trinidad and Tobago,16637.16294
GDP per capita (current US$),NY.GDP.PCAP.CD,Tunisia,3351.573443
GDP per capita (current US$),NY.GDP.PCAP.CD,Turkey,9126.594392
GDP per capita (current US$),NY.GDP.PCAP.CD,Turkmenistan,7612.03518
GDP per capita (current US$),NY.GDP.PCAP.CD,Turks and Caicos Islands,31350.86663
GDP per capita (current US$),NY.GDP.PCAP.CD,Tuvalu,4055.89561
GDP per capita (current US$),NY.GDP.PCAP.CD,Uganda,794.4514454
GDP per capita (current US$),NY.GDP.PCAP.CD,Ukraine,3662.563087
GDP per capita (current US$),NY.GDP.PCAP.CD,United Arab Emirates,43103.33629
GDP per capita (current US$),NY.GDP.PCAP.CD,United Kingdom,42354.41465
GDP per capita (current US$),NY.GDP.PCAP.CD,United States,65279.52903
GDP per capita (current US$),NY.GDP.PCAP.CD,Uruguay,17688.01501
GDP per capita (current US$),NY.GDP.PCAP.CD,Uzbekistan,1719.05721
GDP per capita (current US$),NY.GDP.PCAP.CD,Vanuatu,3102.34679
GDP per capita (current US$),NY.GDP.PCAP.CD,"Venezuela, RB",..
GDP per capita (current US$),NY.GDP.PCAP.CD,Vietnam,2715.27598
GDP per capita (current US$),NY.GDP.PCAP.CD,Virgin Islands (U.S.),..
GDP per capita (current US$),NY.GDP.PCAP.CD,West Bank and Gaza,3656.858271
GDP per capita (current US$),NY.GDP.PCAP.CD,"Yemen, Rep.",..
GDP per capita (current US$),NY.GDP.PCAP.CD,Zambia,1305.002214
GDP per capita (current US$),NY.GDP.PCAP.CD,Zimbabwe,1156.154864
GDP per capita (current US$),NY.GDP.PCAP.CD,Africa Eastern and Southern,1485.307425
GDP per capita (current US$),NY.GDP.PCAP.CD,Africa Western and Central,1772.339155
GDP per capita (current US$),NY.GDP.PCAP.CD,Arab World,6403.540772
GDP per capita (current US$),NY.GDP.PCAP.CD,Caribbean small states,10355.40768
GDP per capita (current US$),NY.GDP.PCAP.CD,Central Europe and the Baltics,16307.9582
GDP per capita (current US$),NY.GDP.PCAP.CD,Early-demographic dividend,3485.604626
GDP per capita (current US$),NY.GDP.PCAP.CD,East Asia & Pacific,11532.27544
GDP per capita (current US$),NY.GDP.PCAP.CD,East Asia & Pacific (excluding high income),8189.020316
GDP per capita (current US$),NY.GDP.PCAP.CD,East Asia & Pacific (IDA & IBRD countries),8280.234696
GDP per capita (current US$),NY.GDP.PCAP.CD,Euro area,39168.66307
GDP per capita (current US$),NY.GDP.PCAP.CD,Europe & Central Asia,24842.02393
GDP per capita (current US$),NY.GDP.PCAP.CD,Europe & Central Asia (excluding high income),8337.857422
GDP per capita (current US$),NY.GDP.PCAP.CD,Europe & Central Asia (IDA & IBRD countries),9002.297601
GDP per capita (current US$),NY.GDP.PCAP.CD,European Union,35060.74641
GDP per capita (current US$),NY.GDP.PCAP.CD,Fragile and conflict affected situations,1818.83723
GDP per capita (current US$),NY.GDP.PCAP.CD,Heavily indebted poor countries (HIPC),987.7066737
GDP per capita (current US$),NY.GDP.PCAP.CD,High income,45406.63377
GDP per capita (current US$),NY.GDP.PCAP.CD,IBRD only,6461.789237
GDP per capita (current US$),NY.GDP.PCAP.CD,IDA & IBRD total,5142.094637
GDP per capita (current US$),NY.GDP.PCAP.CD,IDA blend,1758.035927
GDP per capita (current US$),NY.GDP.PCAP.CD,IDA only,1127.588609
GDP per capita (current US$),NY.GDP.PCAP.CD,IDA total,1337.76133
GDP per capita (current US$),NY.GDP.PCAP.CD,Late-demographic dividend,9983.135636
GDP per capita (current US$),NY.GDP.PCAP.CD,Latin America & Caribbean,8692.727038
GDP per capita (current US$),NY.GDP.PCAP.CD,Latin America & Caribbean (excluding high income),8213.078063
GDP per capita (current US$),NY.GDP.PCAP.CD,Latin America & the Caribbean (IDA & IBRD countries),8512.739534
GDP per capita (current US$),NY.GDP.PCAP.CD,Least developed countries: UN classification,1097.289675
GDP per capita (current US$),NY.GDP.PCAP.CD,Low & middle income,4998.016499
GDP per capita (current US$),NY.GDP.PCAP.CD,Low income,688.2790286
GDP per capita (current US$),NY.GDP.PCAP.CD,Lower middle income,2352.783694
GDP per capita (current US$),NY.GDP.PCAP.CD,Middle East & North Africa,7360.953008
GDP per capita (current US$),NY.GDP.PCAP.CD,Middle East & North Africa (excluding high income),3365.511871
GDP per capita (current US$),NY.GDP.PCAP.CD,Middle East & North Africa (IDA & IBRD countries),3361.91299
GDP per capita (current US$),NY.GDP.PCAP.CD,Middle income,5480.250809
GDP per capita (current US$),NY.GDP.PCAP.CD,North America,63341.78364
GDP per capita (current US$),NY.GDP.PCAP.CD,Not classified,..
GDP per capita (current US$),NY.GDP.PCAP.CD,OECD members,39509.57109
GDP per capita (current US$),NY.GDP.PCAP.CD,Other small states,13808.44241
GDP per capita (current US$),NY.GDP.PCAP.CD,Pacific island small states,4268.838313
GDP per capita (current US$),NY.GDP.PCAP.CD,Post-demographic dividend,45769.58387
GDP per capita (current US$),NY.GDP.PCAP.CD,Pre-demographic dividend,1482.795794
GDP per capita (current US$),NY.GDP.PCAP.CD,Small states,12612.72433
GDP per capita (current US$),NY.GDP.PCAP.CD,South Asia,1959.342256
GDP per capita (current US$),NY.GDP.PCAP.CD,South Asia (IDA & IBRD),1959.342256
GDP per capita (current US$),NY.GDP.PCAP.CD,Sub-Saharan Africa,1600.881015
GDP per capita (current US$),NY.GDP.PCAP.CD,Sub-Saharan Africa (excluding high income),1599.592575
GDP per capita (current US$),NY.GDP.PCAP.CD,Sub-Saharan Africa (IDA & IBRD countries),1600.881015
GDP per capita (current US$),NY.GDP.PCAP.CD,Upper middle income,9589.037874
GDP per capita (current US$),NY.GDP.PCAP.CD,World,11394.86113